<?xml version="1.0" encoding="UTF-8"?>
<project-private xmlns="http://www.netbeans.org/ns/project-private/1">
    <editor-bookmarks xmlns="http://www.netbeans.org/ns/editor-bookmarks/2" lastBookmarkId="0"/>
    <open-files xmlns="http://www.netbeans.org/ns/projectui-open-files/2">
        <group>
            <file>file:/D:/Resturant-Management-Advance_Database/Resturant%20management/src/resturant/management/iconfinder_Button_Back_72907.png</file>
            <file>file:/D:/Resturant-Management-Advance_Database/Resturant%20management/src/resturant/management/LoginForm.java</file>
            <file>file:/D:/Resturant-Management-Advance_Database/Resturant%20management/src/resturant/management/Admin_Add_Employee.java</file>
            <file>file:/D:/Resturant-Management-Advance_Database/Resturant%20management/src/resturant/management/signupform.java</file>
            <file>file:/D:/Resturant-Management-Advance_Database/Resturant%20management/src/resturant/management/Admin_Profile.java</file>
            <file>file:/D:/Resturant-Management-Advance_Database/Resturant%20management/src/resturant/management/User_Profile.java</file>
            <file>file:/D:/Resturant-Management-Advance_Database/Resturant%20management/src/resturant/management/Employee_Show_User.java</file>
            <file>file:/D:/Resturant-Management-Advance_Database/Resturant%20management/src/resturant/management/Payment.java</file>
            <file>file:/D:/Resturant-Management-Advance_Database/Resturant%20management/src/resturant/management/User_Dashboard.java</file>
            <file>file:/D:/Resturant-Management-Advance_Database/Resturant%20management/src/resturant/management/Admin_Show_Employee.java</file>
            <file>file:/D:/Resturant-Management-Advance_Database/Resturant%20management/src/resturant/management/Checkout.java</file>
            <file>file:/D:/Resturant-Management-Advance_Database/Resturant%20management/src/resturant/management/Order_Liist.java</file>
            <file>file:/D:/Resturant-Management-Advance_Database/Resturant%20management/src/resturant/management/Add_Menu.java</file>
            <file>file:/D:/Resturant-Management-Advance_Database/Resturant%20management/src/resturant/management/Employee_Order_List.java</file>
            <file>file:/D:/Resturant-Management-Advance_Database/Resturant%20management/src/resturant/management/Employee_Profile.java</file>
            <file>file:/D:/Resturant-Management-Advance_Database/Resturant%20management/src/resturant/management/Admin_Deshboard.java</file>
            <file>file:/D:/Resturant-Management-Advance_Database/Resturant%20management/src/resturant/management/Employee_Dashboard.java</file>
        </group>
    </open-files>
</project-private>
